<?xml version="1.0" encoding="UTF-8"?>
<project-private xmlns="http://www.netbeans.org/ns/project-private/1">
    <editor-bookmarks xmlns="http://www.netbeans.org/ns/editor-bookmarks/2" lastBookmarkId="0"/>
    <open-files xmlns="http://www.netbeans.org/ns/projectui-open-files/2">
        <group>
            <file>file:/D:/Workspaces/Netbeans%20workspace/HCI/HCI/src/ctt/searchLecturer.java</file>
            <file>file:/D:/Workspaces/Netbeans%20workspace/HCI/HCI/src/ctt/editLecturer.java</file>
            <file>file:/D:/Workspaces/Netbeans%20workspace/HCI/HCI/src/ctt/lecturer.java</file>
            <file>file:/D:/Workspaces/Netbeans%20workspace/HCI/HCI/src/ctt/dbConnect.java</file>
        </group>
    </open-files>
</project-private>
